{
  "episode_timesteps": [
    1536,
    1920,
    2048,
    2080,
    2528,
    2720,
    2944
  ],
  "episode_rewards": [
    -155.131853,
    -198.683805,
    -223.961038,
    -209.377433,
    -269.413993,
    -242.052234,
    -311.776338
  ],
  "episode_lengths": [
    48,
    60,
    64,
    65,
    79,
    85,
    92
  ],
  "loss_rows": []
}