timesteps,episode_reward,episode_length
1536,-155.131853,48
1920,-198.683805,60
2048,-223.961038,64
2080,-209.377433,65
2528,-269.413993,79
2720,-242.052234,85
2944,-311.776338,92
